Email,Nome Attività
info@bove.it,BOVE 1897
carmelinobuono@virgilio.it,Carmelino Buono
griffesboutique.shoponline@gmail.com,Griffes Boutique Deliceto
johndoe@domain.com,Bove Abbigliamento
info@sartoriartigiana.it,Contaldo | Abiti Cerimonia Sposo - Sartoria Artigiana
team_verticali@italiaonline.it,Falco calzature
info@capricciboutique.it,Capricci Boutique Apricena
atelier.sposachic@gmail.com,Atelier Sposa Chic
xxx@xxx.xxx,Different Store
vanigliastore@hotmail.com,Vaniglia Store
wellidenim2018@gmail.com,Wellington Jeans Abbigliamento
info@inaboutique.it,Inà Boutique
fuscoabbigliamento@gmail.com,Fusco Abbigliamento
gambacortastore@gmail.com,Gambacorta Store
info@arcobalenistore.it,Arcobaleni Store
info@lunairefashionstore.it,Lunaire Fashion Store
info@scaccomattoatelier.it,Scacco Matto
nicola_nardelli@libero.it,DREAM ABBIGLIAMENTO
info@donnaoutlet.it,DONNA OUTLET
info@glamoursanvito.it,Glamour Abbigliamento Donna&Bambini
info@outletbari.it,Vittò Group Luxury Outlet
nettifederico4@gmail.com,Federico netti Fashion Uomo
example@mail.com,Pullege
info@marinoboutique.it,Secondomarino
info@inmodafoggia.it,Atelier InModa
manuemartiabbigliamento@gmail.com,L'angolino di Ma&Ma
ferrantelucera@gmail.com,Ferrante Moda Lucera
info@cristinaboutique.it,Cristina boutique lucera
ordini@denittis.eu,De Nittis Abbigliamento
info@atelierzappatore.com,ATELIER ZAPPATORE
info@lacorsetteria.com,La Corsetteria - Peschici
info@cosmospa.eu,Globo Monte S. Angelo
info@mondola.it,Fratelli Mondola S.R.L.
cucitex2011@libero.it,Abbigliamento Usato - Cucitex 2
support@lookesport.it,Look&Sport
info@vestendosi.it,Vestendosi Abbigliamento
info@giantex.it,Giantex s.a.s. Di Luigi Giannetti & C.
info@vestovintage.com,Vesto Vintage
info@wildammboutique.com,Wildamm Abbigliamento (S.N.C.)
info@ilmulinodipuglia.it,Il Mulino di Puglia
miro1824@miroglio.com,Elena Mirò
info@moettabbigliamento.it,Moett
assistenza.shoponline@primigi.it,Primigi Store
pistillo.abbigliamento@gmail.com,Pistillo Ciro Abbigliamento
aurorabbigliamento@gmail.com,"PROMO NATALIZIE - Spedizione Gratuita - SCONTI fino al 60% Aurora Abbigliamento - Regular, Calibrate, Plus"
dressy29@yahoo.it,Dressy Abbigliamento
info@takeoffoutlet.com,Take Off - The Outlet Company
dogalionline@gmail.com,DOGALI Gravina in Puglia
evergreenabb@libero.it,ESSENZA ATELIER
info@civicostore.com,Negozio di Abbigliamento Civico Store Vieste
info@amelie.it,Amelie Abbigliamento
info@rosazzuroshop.it,Puccettini : CHICCO
info@sestraboutique.com,Sestrà boutique - abbigliamento donna
license@prestashop.com,Abaco - Michele Abaco Uomo Donna
info@oversizetagliegrandi.it,Oversize Taglie Grandi
boutiquefelicecasucci@gmail.com,casucci felice
rossana-71@virgilio.it,Dayana Boutique - Abbigliamento Donna
info@defrinoalberobello.com,De Frino N.4
info@pnksportswear.it,Pnk Sportswear - la moda è donna
info@capotortointimoemoda.com,Negozio Capotorto intimo e moda
caputosrl@legalmail.it,Caputo Boutique
mida_2006@pec.it,Michi D'Amato
customer@interno12.it,Interno12
pellicceriapetro@libero.it,Petrò
8eb368c655b84e029ed79ad7a5c1718e@sentry.wixpress.com,Petite Minù
info@abbigliamentoblackewhite.it,Boutique black&white
info@aerremoda.it,A Erre Moda
info@dreamerabbigliamento.it,Dreamer Abbigliamento
info@colibrifashiongirls.it,Colibrì Fashion Girls
info@shopcontrocorrente.com,Contro Corrente Shop
asseltadonna@libero.it,Asselta Donna
info@suite43.it,SUITE43
info@silvia-boutique.com,Silvia Boutique
info@rossmanstore.it,Ross Man Store Bitonto
info@ipanemacapurso.it,Ipanema Di Notarnicola Valeria
info@menhirabbigliamento.it,Menhir Capurso Abbigliamento Donna Borse Scarpe
joyadebebe@gmail.com,Joya de Bebé
florissimakids@gmail.com,FLORISSIMA BOUTIQUE
frubino1084@miroglio.com,FIORELLA RUBINO
info@luomottantashop.com,L'Uomottanta
info@tribes-store.it,Tribes - Retail Revolution
info@mongellishoponline.com,Mongelli Concept Store
ordinimax1980@gmail.com,MAX 1980
info@areterunning.com,Aretè Running
info@unicadonna.it,Unica Donna - Negozio di abbigliamento | Conversano
info@zagariasport.it,Zaga Sport | Corato
info@megostreetwear.it,Mego Streetwear
info@pastaepaillettes.it,Pasta & Paillettes - Abbigliamento Donna - Giovinazzo
mito.97@libero.it,Mitos Cerimonia Uomo Donna
info@maxboutiquegioia.it,Max Boutique
servizioclienti@principecalzature.it,Principe Abbigliamento Calzature
info@tenerezzaboutique.it,Tenerezza Boutique
servizioclienti@longoabbigliamento.it,L O N G O
info@piccololordabbigliamento.it,Piccolo Lord Abbigliamento
support@viciousonline.com,Vicious Store
info@viadeimiracoli.com,Via dei miracoli
info@blacksheeponweb.com,Black Sheep Monopoli
clothesfast2023@gmail.com,FAST CLOTHES GIOVINAZZO
info@alfieri.shop,Alfieri Outlet & boutique
info@vittorioemanuelestore.it,Vittorio Emanuele Store
customer@camomillaitalia.com,Camomilla Italia Outlet
info@noluma.it,NOLUMA
stefania.natalicchio@gmail.com,Natalicchio boutique
esterspezzacatena@gmail.com,Pienza Megastore
customercare@dante5.com,Dante 5 Monopoli
info@gruppostiledevirgilio.it,Gruppo Stile de Virgilio | Les Couturiers
info@gincasmoda.it,Gincas Moda Fast Fashion
info@maluma.it,Maluma Sportswear
julieboutique@libero.it,Julie Boutique Di Giuliana Mondino
