Email,Nome Attivit√†
donate@opencart.com,Ecogreen Tape Di Perrini Francesco
ordini@tuttoufficionucci.it,Tutto Ufficio di Davide Nucci
basileprint@libero.it,Basile Centro Copie e Stampa
ilcartolaiotaranto@gmail.com,Il Cartolaio
web@nadircancelleria.it,Nadir Cancelleria - Deposito
linaschifeo@gmail.com,Cartolibreria Punto e Virgola
info@multiservicebrindisi.it,Multiservice
info@dealonline.it,Buffetti - Deal srl
info@libreriafrancavillese.com,Libreria Francavillese
info@libriecose.com,Libri e Cose
info@ilpapiroshop.it,Il Papiro
info@kasadikarta.com,La Casa di Carta
info@cemaronline.it,CEMAR
stilcarta@gmail.com,Stil Carta S.R.L.
otakomix.spv@gmail.com,Otakomix
info@vitodesantis.it,Vito De Santis Srl - Canon
info@timbriecartucce.com,timbriecartucce.com - Casarano
ballpoint@hotmail.it,Ball Point
newspaper.srl@hotmail.it,News Paper Srl
info@eurofficelecce.it,Euroffice Distribution S.r.l.
info@555eventsandstore.com,555 Events And Store
info@giocartlecce.com,GIOCART di Fiorentino Francesca
cartufficio.galatone@hotmail.it,Cartufficio di Marrocco Gabriele
librerialacalandra@gmail.com,Libreria La Calandra - Via San Lazzaro 9
info@ilpapiroleverano.it,IL PAPIRO di Zecca Gianberto
info@dottorink.it,Dottor ink Leverano
grafichemalatesta@virgilio.it,Malatesta Arti Grafiche
cartomania.mascolo@tiscali.it,Cartomania Di Antonio Mascolo
bestselleradelfia@gmail.com,Cartolibreria Best Seller Di Marzo Roberto
info@libreriaidrusa.it,Libreria Idrusa
labottegadellacartanardo@gmail.com,La Bottega Della Carta
office1service@libero.it,Office 1 Service Cartoleria Cartolibreria
info@corneroffice.it,Corneroffice
notifications@surecart.com,Pronto Ufficio
info@lineaufficio.us,Linea Ufficio
g.insabato76@gmail.com,Cartolibreria Insabato Giuseppe
info@arte-forma.it,Arte & Forma
xaduztv@gmail.com,Cartolibreria L'arcobaleno.it Damato Rosa e Crudele Michele s.n.c
info@puntoevirgolaoffice.it,Cartolibreria Punto & Virgola - Forniture per ufficio
info@arcobaleno-roseto.it,Cartolibreria Arcobaleno
cartolibreriaitalnova@gmail.com,Cartolibreria Italnova - L'angolo delle idee - Bazar
assistenza@webador.it,Punto Carta di Grieci Antonella
pagliarulogiuseppe@tiscali.it,Cartolibreria L'Abbecedario di Pagliarulo Giuseppe
info@rdfoggia.com,R&D
segreteria@libreriapatierno.com,Libreria Patierno
info@mondocshop.com,"Mondo C - Computer e Cancelleria, Grafica e Stampa, Personalizzazione e Gadget"
dfcartoshop@libero.it,Cartoshop
info@festapersonalizzata.it,FestaPersonalizzata.it
web@domenicomele.it,Mele Domenico & Figli S.R.L.
milleidee.galassi@gmail.com,Milleidee...merceria
namministrazione@clickpugliastore.com,Click di Luigi Leogrande
info@trentadue.info,Trentadue srls Forniture per ufficio
info@32conceptstore.it,32 Concept Store
info@tanzionline.it,Cartoleria Giuseppe Tanzi & figli sas
info@puntoufficio.it,Punto Ufficio Di Miscioscia Domenico
info@ilpennacchiotto.com,IL PENNACCHIOTTO di Vestita Maurizio
explor1@libero.it,Cartoleria EXplor - Di Lenti Salvatore CONCESSIONARIO MISURATORI TELEMATICI RCH
info@idealbookgravina.it,Ideal Book Di Petrosino Salvatore
info@mondomaniamodugno.it,MondoMania di Liberio Sebastiano
scaringellacartoleria@gmail.com,Scaringella - Pelletteria & Cartoleria
supporto@cartolibrerialabottegadeisogni.it,Cartolibreria La Bottega dei Sogni
info@promoedit.it,Promo Edit Srl
info@anticacartoleria.it,Antica Cartoleria Natalicchio (1898)
trade@ribucart.com,Ribucart Trade
specialcopylecce@gmail.com,Special Copy di Stefania Bruno | Copisteria e Cartoleria a Lecce
