comuni;
Accadia;
Alberona;
Anzano di Puglia;
Apricena;
Ascoli Satriano;
Biccari;
Bovino;
Cagnano Varano;
Candela;
Carapelle;
Carlantino;
Carpino;
Casalnuovo Monterotaro;
Casalvecchio di Puglia;
Castelluccio dei Sauri;
Castelluccio Valmaggiore;
Castelnuovo della Daunia;
Celenza Valfortore;
Celle di San Vito;
Cerignola;
Chieuti;
Deliceto;
Faeto;
Foggia;
Ischitella;
Isole Tremiti;
Lesina;
Lucera;
Manfredonia;
Mattinata;
Monteleone di Puglia;
Monte Sant'Angelo;
Motta Montecorvino;
Orsara di Puglia;
Orta Nova;
Panni;
Peschici;
Pietramontecorvino;
Poggio Imperiale;
Rignano Garganico;
Rocchetta Sant'Antonio;
Rodi Garganico;
Roseto Valfortore;
San Giovanni Rotondo;
San Marco in Lamis;
San Marco la Catola;
San Nicandro Garganico;
San Paolo di Civitate;
San Severo;
Sant'Agata di Puglia;
Serracapriola;
Stornara;
Stornarella;
Torremaggiore;
Troia;
Vico del Gargano;
Vieste;
Volturara Appula;
Volturino;
Ordona;
Zapponeta;
Acquaviva delle Fonti;
Adelfia;
Alberobello;
Altamura;
Bari;
Binetto;
Bitetto;
Bitonto;
Bitritto;
Capurso;
Casamassima;
Cassano delle Murge;
Castellana Grotte;
Cellamare;
Conversano;
Corato;
Gioia del Colle;
Giovinazzo;
Gravina in Puglia;
Grumo Appula;
Locorotondo;
Modugno;
Mola di Bari;
Molfetta;
Monopoli;
Noci;
Noicattaro;
Palo del Colle;
Poggiorsini;
Polignano a Mare;
Putignano;
Rutigliano;
Ruvo di Puglia;
Sammichele di Bari;
Sannicandro di Bari;
Santeramo in Colle;
Terlizzi;
Toritto;
Triggiano;
Turi;
Valenzano;
Avetrana;
Carosino;
Castellaneta;
Crispiano;
Faggiano;
Fragagnano;
Ginosa;
Grottaglie;
Laterza;
Leporano;
Lizzano;
Manduria;
Martina Franca;
Maruggio;
Massafra;
Monteiasi;
Montemesola;
Monteparano;
Mottola;
Palagianello;
Palagiano;
Pulsano;
Roccaforzata;
San Giorgio Ionico;
San Marzano di San Giuseppe;
Sava;
Taranto;
Torricella;
Statte;
Brindisi;
Carovigno;
Ceglie Messapica;
Cellino San Marco;
Cisternino;
Erchie;
Fasano;
Francavilla Fontana;
Latiano;
Mesagne;
Oria;
Ostuni;
San Donaci;
San Michele Salentino;
San Pancrazio Salentino;
San Pietro Vernotico;
San Vito dei Normanni;
Torchiarolo;
Torre Santa Susanna;
Villa Castelli;
Acquarica del Capo;
Alessano;
Alezio;
Alliste;
Andrano;
Aradeo;
Arnesano;
Bagnolo del Salento;
Botrugno;
Calimera;
Campi Salentina;
Cannole;
Caprarica di Lecce;
Carmiano;
Carpignano Salentino;
Casarano;
Castri di Lecce;
Castrignano de' Greci;
Castrignano del Capo;
Cavallino;
Collepasso;
Copertino;
Corigliano d'Otranto;
Corsano;
Cursi;
Cutrofiano;
Diso;
Gagliano del Capo;
Galatina;
Galatone;
Gallipoli;
Giuggianello;
Giurdignano;
Guagnano;
Lecce;
Lequile;
Leverano;
Lizzanello;
Maglie;
Martano;
Martignano;
Matino;
Melendugno;
Melissano;
Melpignano;
Miggiano;
Minervino di Lecce;
Monteroni di Lecce;
Montesano Salentino;
Morciano di Leuca;
Muro Leccese;
Nardò;
Neviano;
Nociglia;
Novoli;
Ortelle;
Otranto;
Palmariggi;
Parabita;
Patù;
Poggiardo;
Presicce;
Racale;
Ruffano;
Salice Salentino;
Salve;
Sanarica;
San Cesario di Lecce;
San Donato di Lecce;
Sannicola;
San Pietro in Lama;
Santa Cesarea Terme;
Scorrano;
Seclì;
Sogliano Cavour;
Soleto;
Specchia;
Spongano;
Squinzano;
Sternatia;
Supersano;
Surano;
Surbo;
Taurisano;
Taviano;
Tiggiano;
Trepuzzi;
Tricase;
Tuglie;
Ugento;
Uggiano la Chiesa;
Veglie;
Vernole;
Zollino;
San Cassiano;
Castro;
Porto Cesareo;
Andria;
Barletta;
Bisceglie;
Canosa di Puglia;
Margherita di Savoia;
Minervino Murge;
San Ferdinando di Puglia;
Spinazzola;
Trani;
Trinitapoli;
Acquasparta;
Allerona;
Alviano;
Amelia;
Arrone;
Assisi;
Attigliano;
Avigliano Umbro;
Baschi;
Bastia Umbra;
Bettona;
Bevagna;
Calvi dell'Umbria;
Campello sul Clitunno;
Cannara;
Cascia;
Castel Giorgio;
Castel Ritaldi;
Castel Viscardo;
Castiglione del Lago;
Cerreto di Spoleto;
Citerna;
Città della Pieve;
Città di Castello;
Collazzone;
Corciano;
Costacciaro;
Deruta;
Fabro;
Ferentillo;
Ficulle;
Foligno;
Fossato di Vico;
Fratta Todina;
Giano dell'Umbria;
Giove;
Gualdo Cattaneo;
Gualdo Tadino;
Guardea;
Gubbio;
Lisciano Niccone;
Lugnano in Teverina;
Magione;
Marsciano;
Massa Martana;
Monte Castello di Vibio;
Monte Santa Maria Tiberina;
Montecastrilli;
Montecchio;
Montefalco;
Montefranco;
Montegabbione;
Monteleone di Spoleto;
Monteleone d'Orvieto;
Montone;
Narni;
Nocera Umbra;
Norcia;
Orvieto;
Otricoli;
Paciano;
Panicale;
Parrano;
Passignano sul Trasimeno;
Penna in Teverina;
Perugia;
Piegaro;
Pietralunga;
Poggiodomo;
Polino;
Porano;
Preci;
San Gemini;
San Giustino;
San Venanzo;
Sant'Anatolia di Narco;
Scheggia e Pascelupo;
Scheggino;
Sellano;
Sigillo;
Spello;
Spoleto;
Stroncone;
Terni;
Todi;
Torgiano;
Trevi;
Tuoro sul Trasimeno;
Umbertide;
Valfabbrica;
Vallo di Nera;
Valtopina;
