Nome Attivit√†,Email,Stato,Template
ROCCO CIMMINO NOTAIO,info@studionotaiocimmino.it,Inviata,Analisi del sito web: ottimizzazioni suggerite
Studio Notarile Calice ad Orta Nova (fg),notaiocalice@notariato.it,Inviata,Analisi del sito web: ottimizzazioni suggerite
Stango Notaio Antonio,astango@notariato.it,Inviata,Analisi del sito web: ottimizzazioni suggerite
Notaio Michele Graziano,studionotarilegraziano@gmail.com,Inviata,Analisi del sito web: ottimizzazioni suggerite
NOTAIO Vittoria De Girolamo,vdegirolamo@notariato.it,Inviata,Analisi del sito web: ottimizzazioni suggerite
Notaio Monteleone Antonio,amonteleone@notariato.it,Inviata,Analisi del sito web: ottimizzazioni suggerite
Consiglio Notarile Distrettuale,consigliotaranto@notariato.it,Inviata,Analisi del sito web: ottimizzazioni suggerite
Studio Notarile Panno,modena@notaiopanno.it,Inviata,Analisi del sito web: ottimizzazioni suggerite
Notaio Dondi Giorgia,gdondi@notariato.it,Inviata,Analisi del sito web: ottimizzazioni suggerite
Notaio Antonio Cimmino,info@studionotarilecimmino.it,Inviata,Analisi del sito web: ottimizzazioni suggerite
Notaio Marco Fiorentino,info@notaiofiorentinomarco.com,Inviata,Analisi del sito web: ottimizzazioni suggerite
Cimmino Dr. Tullio Studio Notarile,tcimmino@notariato.it,Inviata,Analisi del sito web: ottimizzazioni suggerite
Focosi Notaio Marcello,mfocosi@notariato.it,Inviata,Analisi del sito web: ottimizzazioni suggerite
Notaio Bava Simona,simona.bava@notariato.it,Inviata,Analisi del sito web: ottimizzazioni suggerite
Zanna Notaio Dr. Mauro Roberto,mzanna@notariato.it,Inviata,Analisi del sito web: ottimizzazioni suggerite
Notaio Annamaria Ferrucci,studionotarileferrucci@notariato.it,Inviata,Analisi del sito web: ottimizzazioni suggerite
Pantalone Balice Maria - Notaio,studiobalice@notaiobalice.it,Inviata,Analisi del sito web: ottimizzazioni suggerite
Notaio Chiarastella Massari,not.massarichiarastella@gmail.com,Inviata,Analisi del sito web: ottimizzazioni suggerite
Giuliani Notaio Annalinda,agiuliani@notariato.it,Inviata,Analisi del sito web: ottimizzazioni suggerite
Notaio Massimo Ricciardi,studio@notaioricciardi.eu,Inviata,Analisi del sito web: ottimizzazioni suggerite
Lenoci Mariellina Rosa E Armenio Alessandro-Notai Associati,a.armenio@lenociarmenionotai.it,Inviata,Analisi del sito web: ottimizzazioni suggerite
Notaio Francesco Vinciguerra,info@notaiovinciguerra.it,Inviata,Analisi del sito web: ottimizzazioni suggerite
Notaio Valeria Silvestrini,vsilvestrini@notariato.it,Inviata,Analisi del sito web: ottimizzazioni suggerite
Notaio Francesco Valente,notaio@notaiovalente.it,Inviata,Analisi del sito web: ottimizzazioni suggerite
Notaio Carlo Giovanni Barone - Alessano,info@studionotarilebarone.it,Inviata,Analisi del sito web: ottimizzazioni suggerite
Notaio Moschettini Davide,dmoschettini@notariato.it,Inviata,Analisi del sito web: ottimizzazioni suggerite
Notaio Luca Di Pietro,info@notaiolucadipietro.it,Inviata,Analisi del sito web: ottimizzazioni suggerite
Notaio Francesca Maria Ruberto,fruberto@notariato.it,Inviata,Analisi del sito web: ottimizzazioni suggerite
SPAZIO LEGALE,info@spaziolegale.com,Inviata,Analisi del sito web: ottimizzazioni suggerite
Studio Rizzini - Avvocato,legale@studiorizzini.it,Inviata,Analisi del sito web: ottimizzazioni suggerite
Studio Notarile Associato Brugnoli Patrizia E Brugnoli Carlo,pbrugnoli@notariato.it,Inviata,Analisi del sito web: ottimizzazioni suggerite
Notaio Ilaria Perrotta,iperrotta@notariato.it,Inviata,Analisi del sito web: ottimizzazioni suggerite
Notaio Giancarlo Castorina,fcastorina@notariato.it,Inviata,Analisi del sito web: ottimizzazioni suggerite
